nodo,id,tipo,manifiestos,empresa
PECLL,1,PUERTO,1417,None
A GORYU,2,NAVE,22,7770- TRABAJOS MARITIMOS S.A.
A. IDEFIX,3,NAVE,6,5009- TERMINALES PORTUARIOS PERUANOS SAC
A.P.MOLLER,4,NAVE,3,5030- MAERSK LINE PERU S.A.C.
AFRICAN ARROW,5,NAVE,1,7770- TRABAJOS MARITIMOS S.A.
AFRICAN HORNBILL,6,NAVE,1,7770- TRABAJOS MARITIMOS S.A.
AFRICAN LUNDE,7,NAVE,1,7770- TRABAJOS MARITIMOS S.A.
AKADIMOS,8,NAVE,1,5059- MERCATOR PERU - OPERADOR LOGISTICO S.A.C.
ALAM SURIA,9,NAVE,1,7770- TRABAJOS MARITIMOS S.A.
ALBERTITO,10,NAVE,1,7770- TRABAJOS MARITIMOS S.A.
ALEXIA,11,NAVE,1,7770- TRABAJOS MARITIMOS S.A.
ALGOL,12,NAVE,21,5009- TERMINALES PORTUARIOS PERUANOS SAC
ALICANTE KNUTSEN,13,NAVE,2,0217- COSMOS AGENCIA MARITIMA SAC
ALKYONI,14,NAVE,1,7770- TRABAJOS MARITIMOS S.A.
ALLUMER,15,NAVE,1,5075- AERODOC SOCIEDAD ANONIMA CERRADA
ALPAMAYO,16,NAVE,1,0217- COSMOS AGENCIA MARITIMA SAC
ALTAIR SKY,17,NAVE,1,7770- TRABAJOS MARITIMOS S.A.
AMANDA C,18,NAVE,1,5062- CALLS SHIPPING S.A.C.
AMBER ARROW,19,NAVE,1,8264- AGENCIAS UNIVERSALES PERU S.A.
AMSTERDAM EXPRESS,20,NAVE,7,7770- TRABAJOS MARITIMOS S.A.
ANDINO NU,21,NAVE,3,8264- AGENCIAS UNIVERSALES PERU S.A.
ANTIBES EXPRESS,22,NAVE,1,7770- TRABAJOS MARITIMOS S.A.
ANTOFAGASTA EXPRESS,23,NAVE,6,7770- TRABAJOS MARITIMOS S.A.
APL ESPLANADE,24,NAVE,3,5074- IAN TAYLOR AGENCIAS S.A.C.
AQUARIUS LEADER,25,NAVE,1,3453- TRANSMERIDIAN S.A.C.
ARALIA,26,NAVE,1,7652- SERPAC PORTUARIA S.A.C.
ARCTOS,27,NAVE,1,5013- MARITIMA MERCANTIL SOCIEDAD ANONIMA CERRADA
ARIANE MAKARA,28,NAVE,3,5041- TRANSTOTAL AGENCIA MARITIMA S.A.
ARSOS,29,NAVE,1,5061- CITIKOLD DEL PERU S.A.C.
AS ANNE,30,NAVE,6,5074- IAN TAYLOR AGENCIAS S.A.C.
AS SARA,31,NAVE,1,5030- MAERSK LINE PERU S.A.C.
ASIAN TRUST,32,NAVE,1,5074- IAN TAYLOR AGENCIAS S.A.C.
ASL CRYSTAL,33,NAVE,1,5041- TRANSTOTAL AGENCIA MARITIMA S.A.
ATLANTIC OCEAN,34,NAVE,1,7770- TRABAJOS MARITIMOS S.A.
AVANTI,35,NAVE,1,5013- MARITIMA MERCANTIL SOCIEDAD ANONIMA CERRADA
AVRA,36,NAVE,2,7770- TRABAJOS MARITIMOS S.A.
AZALEA GALAXY,37,NAVE,1,5050- EMPRESA MARITIMA B & M S.A.C.
AZTEC,38,NAVE,5,7743- REPRESENTAC.NAVIERAS Y ADUANERAS S.A.C
BALABAC ISLAND,39,NAVE,1,7770- TRABAJOS MARITIMOS S.A.
BALLENITA,40,NAVE,3,5074- IAN TAYLOR AGENCIAS S.A.C.
BALTIC PETREL,41,NAVE,17,5009- TERMINALES PORTUARIOS PERUANOS SAC
BALUEIRO,42,NAVE,1,5010- MARITIMA DEL WORLD S.A.C.
BALUEIRO SEGUNDO,43,NAVE,1,5010- MARITIMA DEL WORLD S.A.C.
BANGKOK,44,NAVE,1,5022- COSCO SHIPPING LINES (PERU) S.A.
BARROW ISLAND,45,NAVE,1,7770- TRABAJOS MARITIMOS S.A.
BBC ARKHANGELSK,46,NAVE,1,7652- SERPAC PORTUARIA S.A.C.
BBC FINLAND,47,NAVE,1,7652- SERPAC PORTUARIA S.A.C.
BBC GREENLAND,48,NAVE,1,7652- SERPAC PORTUARIA S.A.C.
BBC RAISE,49,NAVE,1,7652- SERPAC PORTUARIA S.A.C.
BBC SEBASTOPOL,50,NAVE,1,7652- SERPAC PORTUARIA S.A.C.
BBC UTAH,51,NAVE,1,7652- SERPAC PORTUARIA S.A.C.
BBG OCEAN,52,NAVE,1,7770- TRABAJOS MARITIMOS S.A.
BELSOUTH,53,NAVE,1,7770- TRABAJOS MARITIMOS S.A.
BERNINA,54,NAVE,1,7770- TRABAJOS MARITIMOS S.A.
BILBAO KNUTSEN,55,NAVE,1,0217- COSMOS AGENCIA MARITIMA SAC
BLACKY,56,NAVE,1,7770- TRABAJOS MARITIMOS S.A.
BOCHEM LONDON,57,NAVE,2,5041- TRANSTOTAL AGENCIA MARITIMA S.A.
BOCHEM WALVIS BAY,58,NAVE,4,5041- TRANSTOTAL AGENCIA MARITIMA S.A.
BOLICHE,59,NAVE,1,7770- TRABAJOS MARITIMOS S.A.
BOMAR PRAIA,60,NAVE,2,5074- IAN TAYLOR AGENCIAS S.A.C.
BOSTON HARMONY,61,NAVE,1,5062- CALLS SHIPPING S.A.C.
BOW CONDOR,62,NAVE,19,5050- EMPRESA MARITIMA B & M S.A.C.
BOW HECTOR,63,NAVE,2,7652- SERPAC PORTUARIA S.A.C.
BOW PRECISION,64,NAVE,1,7652- SERPAC PORTUARIA S.A.C.
BOX ENDURANCE,65,NAVE,7,0217- COSMOS AGENCIA MARITIMA SAC
BUENAVENTURA EXPRESS,66,NAVE,2,7770- TRABAJOS MARITIMOS S.A.
BUENOS AIRES EXPRESS,67,NAVE,5,7770- TRABAJOS MARITIMOS S.A.
BUNUN CHAMPION,68,NAVE,1,7770- TRABAJOS MARITIMOS S.A.
CABO FROWARD,69,NAVE,1,7743- REPRESENTAC.NAVIERAS Y ADUANERAS S.A.C
CABO MISAKI,70,NAVE,1,7743- REPRESENTAC.NAVIERAS Y ADUANERAS S.A.C
CAIPIRINHA,71,NAVE,1,5041- TRANSTOTAL AGENCIA MARITIMA S.A.
CALLAO EXPRESS,72,NAVE,7,7770- TRABAJOS MARITIMOS S.A.
CAP ANDREAS,73,NAVE,1,5041- TRANSTOTAL AGENCIA MARITIMA S.A.
CAPE AKRITAS,74,NAVE,4,3402- MEDITERRANEAN SHIPPING COMPANY DEL PERU SAC
CAPE BRUNO,75,NAVE,10,7770- TRABAJOS MARITIMOS S.A.
CAPE KORTIA,76,NAVE,2,3402- MEDITERRANEAN SHIPPING COMPANY DEL PERU SAC
CAPE SCOTT,77,NAVE,4,5074- IAN TAYLOR AGENCIAS S.A.C.
CAPE SOUNIO,78,NAVE,11,3402- MEDITERRANEAN SHIPPING COMPANY DEL PERU SAC
CAPE TAINARO,79,NAVE,8,3402- MEDITERRANEAN SHIPPING COMPANY DEL PERU SAC
CAROLINE MAERSK,80,NAVE,3,5030- MAERSK LINE PERU S.A.C.
CARSTEN MAERSK,81,NAVE,3,5030- MAERSK LINE PERU S.A.C.
CARTIER,82,NAVE,1,5013- MARITIMA MERCANTIL SOCIEDAD ANONIMA CERRADA
CASTILLO DE SANTISTEBAN,83,NAVE,1,0217- COSMOS AGENCIA MARITIMA SAC
CAUQUENES,84,NAVE,4,7770- TRABAJOS MARITIMOS S.A.
CAUTIN,85,NAVE,4,7770- TRABAJOS MARITIMOS S.A.
CD CALLAO,86,NAVE,2,7770- TRABAJOS MARITIMOS S.A.
CENA FAITH,87,NAVE,4,5062- CALLS SHIPPING S.A.C.
CHANG HANG HUI HAI,88,NAVE,1,7770- TRABAJOS MARITIMOS S.A.
CHANG SHAN HAI,89,NAVE,1,7770- TRABAJOS MARITIMOS S.A.
CHANTAL,90,NAVE,1,7743- REPRESENTAC.NAVIERAS Y ADUANERAS S.A.C
CHARISMA.GR,91,NAVE,1,7770- TRABAJOS MARITIMOS S.A.
CHARLOTTE MAERSK,92,NAVE,2,5030- MAERSK LINE PERU S.A.C.
CHASTINE MAERSK,93,NAVE,1,5030- MAERSK LINE PERU S.A.C.
CHEM HOUSTON,94,NAVE,1,5050- EMPRESA MARITIMA B & M S.A.C.
CHEMSTAR RIVER,95,NAVE,2,5041- TRANSTOTAL AGENCIA MARITIMA S.A.
CHEVAL BLANC,96,NAVE,1,7770- TRABAJOS MARITIMOS S.A.
CHILOE ISLAND,97,NAVE,1,7770- TRABAJOS MARITIMOS S.A.
CHRISTINA SELMER,98,NAVE,1,5062- CALLS SHIPPING S.A.C.
CIELO DI HANOI,99,NAVE,2,7743- REPRESENTAC.NAVIERAS Y ADUANERAS S.A.C
CISNES,100,NAVE,2,7770- TRABAJOS MARITIMOS S.A.
CLIFFORD MAERSK,101,NAVE,2,5030- MAERSK LINE PERU S.A.C.
CLIPPER KALAVRYTA,102,NAVE,1,7770- TRABAJOS MARITIMOS S.A.
CMA CGM ALASKA,103,NAVE,2,5074- IAN TAYLOR AGENCIAS S.A.C.
CMA CGM ALEXANDER VON HUM,104,NAVE,1,5074- IAN TAYLOR AGENCIAS S.A.C.
CMA CGM ARGENTINA,105,NAVE,3,5030- MAERSK LINE PERU S.A.C.
CMA CGM ARKANSAS,106,NAVE,5,5074- IAN TAYLOR AGENCIAS S.A.C.
CMA CGM BALBOA,107,NAVE,1,5074- IAN TAYLOR AGENCIAS S.A.C.
CMA CGM BEIRA,108,NAVE,9,5074- IAN TAYLOR AGENCIAS S.A.C.
CMA CGM CARL ANTOINE,109,NAVE,7,5074- IAN TAYLOR AGENCIAS S.A.C.
CMA CGM CHENNAI,110,NAVE,1,5074- IAN TAYLOR AGENCIAS S.A.C.
CMA CGM COCHIN,111,NAVE,1,5074- IAN TAYLOR AGENCIAS S.A.C.
CMA CGM DIGNITY,112,NAVE,3,5074- IAN TAYLOR AGENCIAS S.A.C.
CMA CGM ESTELLE,113,NAVE,6,5074- IAN TAYLOR AGENCIAS S.A.C.
CMA CGM IGUACU,114,NAVE,1,5074- IAN TAYLOR AGENCIAS S.A.C.
CMA CGM INTEGRITY,115,NAVE,2,5074- IAN TAYLOR AGENCIAS S.A.C.
CMA CGM J. ADAMS,116,NAVE,3,5074- IAN TAYLOR AGENCIAS S.A.C.
CMA CGM JACQUES JOSEPH,117,NAVE,4,5074- IAN TAYLOR AGENCIAS S.A.C.
CMA CGM LIBERTY,118,NAVE,3,5074- IAN TAYLOR AGENCIAS S.A.C.
CMA CGM MALTA,119,NAVE,11,5074- IAN TAYLOR AGENCIAS S.A.C.
CMA CGM MUNDRA,120,NAVE,1,5074- IAN TAYLOR AGENCIAS S.A.C.
CMA CGM NAVEGANTES,121,NAVE,3,5074- IAN TAYLOR AGENCIAS S.A.C.
CMA CGM NEVA,122,NAVE,8,5074- IAN TAYLOR AGENCIAS S.A.C.
CMA CGM NEVADA,123,NAVE,5,5074- IAN TAYLOR AGENCIAS S.A.C.
CMA CGM OHIO,124,NAVE,5,5074- IAN TAYLOR AGENCIAS S.A.C.
CMA CGM OSIRIS,125,NAVE,2,5074- IAN TAYLOR AGENCIAS S.A.C.
CMA CGM PREGOLIA,126,NAVE,8,5074- IAN TAYLOR AGENCIAS S.A.C.
CMA CGM PRIDE,127,NAVE,1,5074- IAN TAYLOR AGENCIAS S.A.C.
CMA CGM PUERTO ANTIOQUIA,128,NAVE,10,5074- IAN TAYLOR AGENCIAS S.A.C.
CMA CGM TUTICORIN,129,NAVE,1,5074- IAN TAYLOR AGENCIAS S.A.C.
CMA CGM URAL,130,NAVE,1,5074- IAN TAYLOR AGENCIAS S.A.C.
CMA CGM ZEPHYR,131,NAVE,2,5074- IAN TAYLOR AGENCIAS S.A.C.
COCHRANE,132,NAVE,2,7770- TRABAJOS MARITIMOS S.A.
CONCON TRADER,133,NAVE,1,7743- REPRESENTAC.NAVIERAS Y ADUANERAS S.A.C
CONDOR BILBAO,134,NAVE,1,5050- EMPRESA MARITIMA B & M S.A.C.
CONDOR PATAGONIA,135,NAVE,1,5050- EMPRESA MARITIMA B & M S.A.C.
CONDOR VALPARAISO,136,NAVE,2,5050- EMPRESA MARITIMA B & M S.A.C.
CONON,137,NAVE,1,7770- TRABAJOS MARITIMOS S.A.
CONSTANTIA,138,NAVE,1,7770- TRABAJOS MARITIMOS S.A.
CONTSHIP FOX,139,NAVE,2,5059- MERCATOR PERU - OPERADOR LOGISTICO S.A.C.
COPIAPO,140,NAVE,1,7770- TRABAJOS MARITIMOS S.A.
CORNELIUS MAERSK,141,NAVE,3,5030- MAERSK LINE PERU S.A.C.
COSCO ASIA,142,NAVE,4,5022- COSCO SHIPPING LINES (PERU) S.A.
COSCO PRINCE RUPERT,143,NAVE,4,5022- COSCO SHIPPING LINES (PERU) S.A.
COSCO SAO PAULO,144,NAVE,2,5022- COSCO SHIPPING LINES (PERU) S.A.
COSCO SHIPPING VOLGA,145,NAVE,10,5022- COSCO SHIPPING LINES (PERU) S.A.
COSTA AZUL DOS,146,NAVE,1,3232- TRANS-PERU SHIPPING S.A.C.
COSTA AZUL UNO,147,NAVE,2,3232- TRANS-PERU SHIPPING S.A.C.
COYHAIQUE,148,NAVE,3,7770- TRABAJOS MARITIMOS S.A.
CRIMSON DELIGHT,149,NAVE,1,7770- TRABAJOS MARITIMOS S.A.
CRIMSON GLORY,150,NAVE,1,7770- TRABAJOS MARITIMOS S.A.
CS ONSAN,151,NAVE,1,7770- TRABAJOS MARITIMOS S.A.
CSCL ASIA,152,NAVE,4,5022- COSCO SHIPPING LINES (PERU) S.A.
CSCL AUTUMN,153,NAVE,4,5022- COSCO SHIPPING LINES (PERU) S.A.
CSCL SPRING,154,NAVE,1,5022- COSCO SHIPPING LINES (PERU) S.A.
CSCL WINTER,155,NAVE,3,5022- COSCO SHIPPING LINES (PERU) S.A.
CYPRESS GALAXY,156,NAVE,2,5041- TRANSTOTAL AGENCIA MARITIMA S.A.
CZECH,157,NAVE,2,7770- TRABAJOS MARITIMOS S.A.
DALARNA,158,NAVE,1,5041- TRANSTOTAL AGENCIA MARITIMA S.A.
DALI,159,NAVE,2,5030- MAERSK LINE PERU S.A.C.
DARYA CHAND,160,NAVE,1,7770- TRABAJOS MARITIMOS S.A.
DEMETER LEADER,161,NAVE,1,3453- TRANSMERIDIAN S.A.C.
DENSA PUMA,162,NAVE,1,5062- CALLS SHIPPING S.A.C.
DIMITRIS C,163,NAVE,2,5074- IAN TAYLOR AGENCIAS S.A.C.
DRACO FAITH,164,NAVE,3,0217- COSMOS AGENCIA MARITIMA SAC
DUBLIN EXPRESS,165,NAVE,2,7770- TRABAJOS MARITIMOS S.A.
DYNA FORTUNE,166,NAVE,1,7770- TRABAJOS MARITIMOS S.A.
EDISON,167,NAVE,3,5074- IAN TAYLOR AGENCIAS S.A.C.
ELISABETH OLDENDORFF,168,NAVE,1,7770- TRABAJOS MARITIMOS S.A.
ELITE FAITH,169,NAVE,3,5062- CALLS SHIPPING S.A.C.
EM SPETSES,170,NAVE,7,0217- COSMOS AGENCIA MARITIMA SAC
ERIDANUS LEADER,171,NAVE,1,3453- TRANSMERIDIAN S.A.C.
ERVING,172,NAVE,3,5074- IAN TAYLOR AGENCIAS S.A.C.
ES INTEGRITY,173,NAVE,1,5041- TRANSTOTAL AGENCIA MARITIMA S.A.
ESSENCE,174,NAVE,2,5059- MERCATOR PERU - OPERADOR LOGISTICO S.A.C.
ESTEEM SANGO,175,NAVE,2,5041- TRANSTOTAL AGENCIA MARITIMA S.A.
EVA SHANGHAI,176,NAVE,1,7770- TRABAJOS MARITIMOS S.A.
EVER ENVOY,177,NAVE,2,5009- TERMINALES PORTUARIOS PERUANOS SAC
EVER FOND,178,NAVE,1,5009- TERMINALES PORTUARIOS PERUANOS SAC
EVER LADEN,179,NAVE,3,5009- TERMINALES PORTUARIOS PERUANOS SAC
EVER LAMBENT,180,NAVE,3,5009- TERMINALES PORTUARIOS PERUANOS SAC
EVER LAWFUL,181,NAVE,3,5009- TERMINALES PORTUARIOS PERUANOS SAC
EVER LEGACY,182,NAVE,3,5009- TERMINALES PORTUARIOS PERUANOS SAC
EVER LIBRA,183,NAVE,1,5009- TERMINALES PORTUARIOS PERUANOS SAC
EVER LISSOME,184,NAVE,1,5009- TERMINALES PORTUARIOS PERUANOS SAC
EVER LOADING,185,NAVE,1,5009- TERMINALES PORTUARIOS PERUANOS SAC
EVER LOYAL,186,NAVE,4,5009- TERMINALES PORTUARIOS PERUANOS SAC
EVER LUCID,187,NAVE,2,5009- TERMINALES PORTUARIOS PERUANOS SAC
EVER LUNAR,188,NAVE,3,5009- TERMINALES PORTUARIOS PERUANOS SAC
EVER LYRIC,189,NAVE,3,5009- TERMINALES PORTUARIOS PERUANOS SAC
EXTREMADURA KNUTSEN,190,NAVE,1,0217- COSMOS AGENCIA MARITIMA SAC
FAIRCHEM TIGER,191,NAVE,1,8264- AGENCIAS UNIVERSALES PERU S.A.
FEDERAL CARIBOU,192,NAVE,1,7770- TRABAJOS MARITIMOS S.A.
FEDERAL DART,193,NAVE,1,7770- TRABAJOS MARITIMOS S.A.
FEDERAL SKEENA,194,NAVE,1,5062- CALLS SHIPPING S.A.C.
FEDRA.GR,195,NAVE,1,7770- TRABAJOS MARITIMOS S.A.
FELICIA K,196,NAVE,1,7770- TRABAJOS MARITIMOS S.A.
FIRMAMENT ACE,197,NAVE,1,5041- TRANSTOTAL AGENCIA MARITIMA S.A.
FLORA K,198,NAVE,1,5041- TRANSTOTAL AGENCIA MARITIMA S.A.
FM PROSPERITY,199,NAVE,3,0217- COSMOS AGENCIA MARITIMA SAC
FORT DESAIX,200,NAVE,7,5030- MAERSK LINE PERU S.A.C.
GALILEO,201,NAVE,1,7770- TRABAJOS MARITIMOS S.A.
GAUJA,202,NAVE,1,5049- ISS MARINE SERVICES S.A.C-ISSMS S.A.C
GINGA COUGAR,203,NAVE,1,5074- IAN TAYLOR AGENCIAS S.A.C.
GINGA LIGER,204,NAVE,1,5041- TRANSTOTAL AGENCIA MARITIMA S.A.
GINGA PANTHER,205,NAVE,1,5074- IAN TAYLOR AGENCIAS S.A.C.
GINGA PUMA,206,NAVE,2,5074- IAN TAYLOR AGENCIAS S.A.C.
GLOBAL ROSE,207,NAVE,1,7770- TRABAJOS MARITIMOS S.A.
GLOBAL SPLENDOUR,208,NAVE,1,7770- TRABAJOS MARITIMOS S.A.
GLORIA FIGUEROA,209,NAVE,1,3232- TRANS-PERU SHIPPING S.A.C.
GLOVIS COSMOS,210,NAVE,1,8264- AGENCIAS UNIVERSALES PERU S.A.
GLOVIS MELODY,211,NAVE,1,7770- TRABAJOS MARITIMOS S.A.
GLOVIS STELLA,212,NAVE,1,8264- AGENCIAS UNIVERSALES PERU S.A.
GOBY,213,NAVE,1,5050- EMPRESA MARITIMA B & M S.A.C.
GOLIATH LEADER,214,NAVE,1,3453- TRANSMERIDIAN S.A.C.
GRAND HERO,215,NAVE,1,8264- AGENCIAS UNIVERSALES PERU S.A.
GRAND LEGACY,216,NAVE,1,3453- TRANSMERIDIAN S.A.C.
GRAVITY HIGHWAY,217,NAVE,1,8264- AGENCIAS UNIVERSALES PERU S.A.
GREAT COSMOS,218,NAVE,1,7770- TRABAJOS MARITIMOS S.A.
GREEN PEARL,219,NAVE,1,8264- AGENCIAS UNIVERSALES PERU S.A.
GREENWING,220,NAVE,1,7770- TRABAJOS MARITIMOS S.A.
GSL ELEFTHERIA,221,NAVE,2,5030- MAERSK LINE PERU S.A.C.
GUARDIAN LEADER,222,NAVE,1,3453- TRANSMERIDIAN S.A.C.
GUAYAQUIL EXPRESS,223,NAVE,8,7770- TRABAJOS MARITIMOS S.A.
H CYGNUS,224,NAVE,8,0217- COSMOS AGENCIA MARITIMA SAC
H MERCURY,225,NAVE,8,0217- COSMOS AGENCIA MARITIMA SAC
HAMBURG TEAM,226,NAVE,1,7770- TRABAJOS MARITIMOS S.A.
HAMMONIA HUSUM,227,NAVE,2,5030- MAERSK LINE PERU S.A.C.
HANG JUN 6009,228,NAVE,1,5072- ESTELA SHIPPING PERU S.A.C.
HANSA HORNEBURG,229,NAVE,15,5061- CITIKOLD DEL PERU S.A.C.
HANSA SIEGBURG,230,NAVE,2,5059- MERCATOR PERU - OPERADOR LOGISTICO S.A.C.
HELENA K,231,NAVE,1,7770- TRABAJOS MARITIMOS S.A.
HELLE RITSCHER,232,NAVE,14,5061- CITIKOLD DEL PERU S.A.C.
HEMISFERIO NORTE,233,NAVE,1,5010- MARITIMA DEL WORLD S.A.C.
HENG HUI 6,234,NAVE,1,5022- COSCO SHIPPING LINES (PERU) S.A.
HEROIC LEADER,235,NAVE,2,3453- TRANSMERIDIAN S.A.C.
HIGH FIDELITY,236,NAVE,1,5013- MARITIMA MERCANTIL SOCIEDAD ANONIMA CERRADA
HINOKI,237,NAVE,1,7770- TRABAJOS MARITIMOS S.A.
HMM BLESSING,238,NAVE,3,5041- TRANSTOTAL AGENCIA MARITIMA S.A.
HORIZON RAY,239,NAVE,1,8264- AGENCIAS UNIVERSALES PERU S.A.
HUELVA KNUTSEN,240,NAVE,3,0217- COSMOS AGENCIA MARITIMA SAC
HYUNDAI JUPITER,241,NAVE,1,5041- TRANSTOTAL AGENCIA MARITIMA S.A.
HYUNDAI PLUTO,242,NAVE,1,5041- TRANSTOTAL AGENCIA MARITIMA S.A.
HYUNDAI SATURN,243,NAVE,3,5041- TRANSTOTAL AGENCIA MARITIMA S.A.
IMAVERE,244,NAVE,1,7770- TRABAJOS MARITIMOS S.A.
INDIGO FLORA,245,NAVE,1,7770- TRABAJOS MARITIMOS S.A.
INDUSTRIAL CONFIDENCE,246,NAVE,2,5009- TERMINALES PORTUARIOS PERUANOS SAC
INTERLINK CELERITY,247,NAVE,1,5062- CALLS SHIPPING S.A.C.
INTERLINK FORTUITY,248,NAVE,1,5062- CALLS SHIPPING S.A.C.
IRIS EXPRESS,249,NAVE,1,7770- TRABAJOS MARITIMOS S.A.
ISTANBUL EXPRESS,250,NAVE,1,7770- TRABAJOS MARITIMOS S.A.
ITAJAI EXPRESS,251,NAVE,4,7770- TRABAJOS MARITIMOS S.A.
JENS MAERSK,252,NAVE,20,5030- MAERSK LINE PERU S.A.C.
JEPPESEN MAERSK,253,NAVE,20,5030- MAERSK LINE PERU S.A.C.
JIN RONG,254,NAVE,1,7770- TRABAJOS MARITIMOS S.A.
JIN XIANG,255,NAVE,1,7770- TRABAJOS MARITIMOS S.A.
JPO LIBRA,256,NAVE,6,5030- MAERSK LINE PERU S.A.C.
JPO PISCES,257,NAVE,3,5030- MAERSK LINE PERU S.A.C.
KAIO MARU NO. 108,258,NAVE,1,7668- GYOREN DEL PERU S.A.C.
KAIO MARU NO. 81,259,NAVE,1,7668- GYOREN DEL PERU S.A.C.
KK PROGRESSION,260,NAVE,1,7770- TRABAJOS MARITIMOS S.A.
KOOL BALTIC,261,NAVE,1,0217- COSMOS AGENCIA MARITIMA SAC
KOTA CARUM,262,NAVE,4,3453- TRANSMERIDIAN S.A.C.
KOTA CEMPAKA,263,NAVE,1,3453- TRANSMERIDIAN S.A.C.
KOTA MANZANILLO,264,NAVE,2,3453- TRANSMERIDIAN S.A.C.
KOTA PUSAKA,265,NAVE,3,3453- TRANSMERIDIAN S.A.C.
KOTA SALAM,266,NAVE,1,3453- TRANSMERIDIAN S.A.C.
KOTA SEJARAH,267,NAVE,2,3453- TRANSMERIDIAN S.A.C.
KOTA SELAMAT,268,NAVE,1,3453- TRANSMERIDIAN S.A.C.
KUALA LUMPUR EXPRESS,269,NAVE,2,7770- TRABAJOS MARITIMOS S.A.
LAKE COMO,270,NAVE,1,0217- COSMOS AGENCIA MARITIMA SAC
LANGENESS,271,NAVE,2,5059- MERCATOR PERU - OPERADOR LOGISTICO S.A.C.
LAUREL ISLAND,272,NAVE,1,7770- TRABAJOS MARITIMOS S.A.
LAVRAKI,273,NAVE,3,5041- TRANSTOTAL AGENCIA MARITIMA S.A.
LENA,274,NAVE,1,7770- TRABAJOS MARITIMOS S.A.
LIMARI,275,NAVE,1,7770- TRABAJOS MARITIMOS S.A.
LIVERPOOL STRAIT,276,NAVE,1,5062- CALLS SHIPPING S.A.C.
LNG ABALAMABIE,277,NAVE,1,0217- COSMOS AGENCIA MARITIMA SAC
LNG PROSPERITY,278,NAVE,1,0217- COSMOS AGENCIA MARITIMA SAC
LNGSHIPS MANHATTAN,279,NAVE,1,0217- COSMOS AGENCIA MARITIMA SAC
LONG BEACH EXPRESS,280,NAVE,2,7770- TRABAJOS MARITIMOS S.A.
LUCHOW,281,NAVE,1,5041- TRANSTOTAL AGENCIA MARITIMA S.A.
LUMPHINI PARK,282,NAVE,2,5041- TRANSTOTAL AGENCIA MARITIMA S.A.
MAERSK ACADIA,283,NAVE,4,5030- MAERSK LINE PERU S.A.C.
MAERSK BALI,284,NAVE,4,5030- MAERSK LINE PERU S.A.C.
MAERSK BATAM,285,NAVE,3,5030- MAERSK LINE PERU S.A.C.
MAERSK BATUR,286,NAVE,6,5030- MAERSK LINE PERU S.A.C.
MAERSK BINTAN,287,NAVE,4,5030- MAERSK LINE PERU S.A.C.
MAERSK BISCAYNE,288,NAVE,4,5030- MAERSK LINE PERU S.A.C.
MAERSK BRANI,289,NAVE,6,5030- MAERSK LINE PERU S.A.C.
MAERSK BRATAN,290,NAVE,5,5030- MAERSK LINE PERU S.A.C.
MAERSK BULAN,291,NAVE,4,5030- MAERSK LINE PERU S.A.C.
MAERSK BUTON,292,NAVE,2,5030- MAERSK LINE PERU S.A.C.
MAERSK EDIRNE,293,NAVE,1,5030- MAERSK LINE PERU S.A.C.
MAERSK EVERGLADES,294,NAVE,5,5030- MAERSK LINE PERU S.A.C.
MAERSK HERRERA,295,NAVE,1,5030- MAERSK LINE PERU S.A.C.
MAERSK LABERINTO,296,NAVE,3,5030- MAERSK LINE PERU S.A.C.
MAERSK LABREA,297,NAVE,1,5030- MAERSK LINE PERU S.A.C.
MAERSK LAUNCESTON,298,NAVE,7,5030- MAERSK LINE PERU S.A.C.
MAERSK LIMA,299,NAVE,3,5030- MAERSK LINE PERU S.A.C.
MAERSK LONDRINA,300,NAVE,1,5030- MAERSK LINE PERU S.A.C.
MAERSK SALINA,301,NAVE,1,5030- MAERSK LINE PERU S.A.C.
MAERSK SARAT,302,NAVE,1,5030- MAERSK LINE PERU S.A.C.
MAERSK SAVANNAH,303,NAVE,2,5030- MAERSK LINE PERU S.A.C.
MAERSK SHAMS,304,NAVE,1,5030- MAERSK LINE PERU S.A.C.
MAERSK SIRAC,305,NAVE,1,5030- MAERSK LINE PERU S.A.C.
MAERSK STEPNICA,306,NAVE,2,5030- MAERSK LINE PERU S.A.C.
MAERSK WILMINGTON,307,NAVE,1,5030- MAERSK LINE PERU S.A.C.
MAETIGA,308,NAVE,1,5013- MARITIMA MERCANTIL SOCIEDAD ANONIMA CERRADA
MALAGA KNUTSEN,309,NAVE,1,0217- COSMOS AGENCIA MARITIMA SAC
MANZANILLO EXPRESS,310,NAVE,4,7770- TRABAJOS MARITIMOS S.A.
MAPOCHO,311,NAVE,22,7770- TRABAJOS MARITIMOS S.A.
MARAN GAS AMPHIPOLIS,312,NAVE,3,0217- COSMOS AGENCIA MARITIMA SAC
MARAN GAS DELPHI,313,NAVE,1,0217- COSMOS AGENCIA MARITIMA SAC
MARAN GAS OLYMPIAS,314,NAVE,1,0217- COSMOS AGENCIA MARITIMA SAC
MARFRET MARAJO,315,NAVE,1,5074- IAN TAYLOR AGENCIAS S.A.C.
MARGUERITE,316,NAVE,1,7770- TRABAJOS MARITIMOS S.A.
MARIANE,317,NAVE,1,5010- MARITIMA DEL WORLD S.A.C.
MARTIN,318,NAVE,1,7770- TRABAJOS MARITIMOS S.A.
MEDI ADRIATICO,319,NAVE,1,7770- TRABAJOS MARITIMOS S.A.
MEGARA,320,NAVE,1,0217- COSMOS AGENCIA MARITIMA SAC
MERIDIAN,321,NAVE,1,5030- MAERSK LINE PERU S.A.C.
METHANE JULIA LOUISE,322,NAVE,1,0217- COSMOS AGENCIA MARITIMA SAC
METHANE PATRICIA CAMILA,323,NAVE,1,0217- COSMOS AGENCIA MARITIMA SAC
METHANE PRINCESS,324,NAVE,1,0217- COSMOS AGENCIA MARITIMA SAC
MICHIGAN HIGHWAY,325,NAVE,1,8264- AGENCIAS UNIVERSALES PERU S.A.
MINERVA PSARA,326,NAVE,1,0217- COSMOS AGENCIA MARITIMA SAC
MIZAR,327,NAVE,5,5009- TERMINALES PORTUARIOS PERUANOS SAC
MONTEVIDEO EXPRESS,328,NAVE,7,7770- TRABAJOS MARITIMOS S.A.
MORNING CAMILLA,329,NAVE,1,5074- IAN TAYLOR AGENCIAS S.A.C.
MORNING CLARA,330,NAVE,1,5074- IAN TAYLOR AGENCIAS S.A.C.
MORNING CONDUCTOR,331,NAVE,1,5074- IAN TAYLOR AGENCIAS S.A.C.
MORNING LYNN,332,NAVE,1,5074- IAN TAYLOR AGENCIAS S.A.C.
MSC ACAPULCO,333,NAVE,13,3402- MEDITERRANEAN SHIPPING COMPANY DEL PERU SAC
MSC AINO,334,NAVE,4,3402- MEDITERRANEAN SHIPPING COMPANY DEL PERU SAC
MSC ALINA,335,NAVE,3,3402- MEDITERRANEAN SHIPPING COMPANY DEL PERU SAC
MSC ALIYA,336,NAVE,6,3402- MEDITERRANEAN SHIPPING COMPANY DEL PERU SAC
MSC ANTONELLA,337,NAVE,2,3402- MEDITERRANEAN SHIPPING COMPANY DEL PERU SAC
MSC ATHENS,338,NAVE,7,3402- MEDITERRANEAN SHIPPING COMPANY DEL PERU SAC
MSC AURIGA,339,NAVE,2,3402- MEDITERRANEAN SHIPPING COMPANY DEL PERU SAC
MSC BALTIC III,340,NAVE,15,3402- MEDITERRANEAN SHIPPING COMPANY DEL PERU SAC
MSC BARI,341,NAVE,7,3402- MEDITERRANEAN SHIPPING COMPANY DEL PERU SAC
MSC BRITTANY,342,NAVE,3,3402- MEDITERRANEAN SHIPPING COMPANY DEL PERU SAC
MSC CAROLE,343,NAVE,3,3402- MEDITERRANEAN SHIPPING COMPANY DEL PERU SAC
MSC CASSANDRE,344,NAVE,4,3402- MEDITERRANEAN SHIPPING COMPANY DEL PERU SAC
MSC CHANNE,345,NAVE,2,3402- MEDITERRANEAN SHIPPING COMPANY DEL PERU SAC
MSC CHIYO,346,NAVE,4,3402- MEDITERRANEAN SHIPPING COMPANY DEL PERU SAC
MSC DIAMOND II,347,NAVE,16,3402- MEDITERRANEAN SHIPPING COMPANY DEL PERU SAC
MSC DOMITILLE,348,NAVE,6,3402- MEDITERRANEAN SHIPPING COMPANY DEL PERU SAC
MSC ELISA XIII,349,NAVE,6,3402- MEDITERRANEAN SHIPPING COMPANY DEL PERU SAC
MSC ELMA,350,NAVE,2,3402- MEDITERRANEAN SHIPPING COMPANY DEL PERU SAC
MSC EMMA,351,NAVE,4,3402- MEDITERRANEAN SHIPPING COMPANY DEL PERU SAC
MSC EUGENIA,352,NAVE,2,3402- MEDITERRANEAN SHIPPING COMPANY DEL PERU SAC
MSC JAPAN,353,NAVE,5,3402- MEDITERRANEAN SHIPPING COMPANY DEL PERU SAC
MSC JENNIFER II,354,NAVE,8,3402- MEDITERRANEAN SHIPPING COMPANY DEL PERU SAC
MSC JEWEL,355,NAVE,4,3402- MEDITERRANEAN SHIPPING COMPANY DEL PERU SAC
MSC JOSSELINE,356,NAVE,6,3402- MEDITERRANEAN SHIPPING COMPANY DEL PERU SAC
MSC KANOKO,357,NAVE,1,3402- MEDITERRANEAN SHIPPING COMPANY DEL PERU SAC
MSC LA SPEZIA,358,NAVE,2,3402- MEDITERRANEAN SHIPPING COMPANY DEL PERU SAC
MSC NATASHA XIII,359,NAVE,5,3402- MEDITERRANEAN SHIPPING COMPANY DEL PERU SAC
MSC ORION,360,NAVE,2,3402- MEDITERRANEAN SHIPPING COMPANY DEL PERU SAC
MSC PASSION III,361,NAVE,1,3402- MEDITERRANEAN SHIPPING COMPANY DEL PERU SAC
MSC PERLE,362,NAVE,2,3402- MEDITERRANEAN SHIPPING COMPANY DEL PERU SAC
MSC POLONIA III,363,NAVE,1,3402- MEDITERRANEAN SHIPPING COMPANY DEL PERU SAC
MSC RAYSHMI,364,NAVE,3,3402- MEDITERRANEAN SHIPPING COMPANY DEL PERU SAC
MSC ROMANE,365,NAVE,10,3402- MEDITERRANEAN SHIPPING COMPANY DEL PERU SAC
MSC RUBY,366,NAVE,1,3402- MEDITERRANEAN SHIPPING COMPANY DEL PERU SAC
MSC SASHA,367,NAVE,4,3402- MEDITERRANEAN SHIPPING COMPANY DEL PERU SAC
MSC TAYLOR,368,NAVE,3,3402- MEDITERRANEAN SHIPPING COMPANY DEL PERU SAC
MSC TRIESTE,369,NAVE,6,3402- MEDITERRANEAN SHIPPING COMPANY DEL PERU SAC
MSC VITA,370,NAVE,7,3402- MEDITERRANEAN SHIPPING COMPANY DEL PERU SAC
MTM BIG APPLE,371,NAVE,1,5050- EMPRESA MARITIMA B & M S.A.C.
MUREX,372,NAVE,1,0217- COSMOS AGENCIA MARITIMA SAC
MYKONOS BAY,373,NAVE,1,7770- TRABAJOS MARITIMOS S.A.
MYRINA,374,NAVE,1,0217- COSMOS AGENCIA MARITIMA SAC
NAEBA GALAXY,375,NAVE,3,0217- COSMOS AGENCIA MARITIMA SAC
NANJING CONFIDENCE,376,NAVE,1,7770- TRABAJOS MARITIMOS S.A.
NAVARINO,377,NAVE,3,3402- MEDITERRANEAN SHIPPING COMPANY DEL PERU SAC
NAVIGARE COLLECTOR,378,NAVE,1,5059- MERCATOR PERU - OPERADOR LOGISTICO S.A.C.
NAVIGATION OL,379,NAVE,1,7770- TRABAJOS MARITIMOS S.A.
NEPTUNE LEADER,380,NAVE,1,3453- TRANSMERIDIAN S.A.C.
NEW COMMANDER,381,NAVE,1,5062- CALLS SHIPPING S.A.C.
NEWSEAS JASPER,382,NAVE,1,7770- TRABAJOS MARITIMOS S.A.
NIKKEI PROGRESSO,383,NAVE,1,7770- TRABAJOS MARITIMOS S.A.
NORD ABIDJAN,384,NAVE,1,5062- CALLS SHIPPING S.A.C.
NORD MAGELLAN,385,NAVE,1,7770- TRABAJOS MARITIMOS S.A.
NORD MELBOURNE,386,NAVE,1,5062- CALLS SHIPPING S.A.C.
NORDIC COPENHAGEN,387,NAVE,1,5074- IAN TAYLOR AGENCIAS S.A.C.
NORDIC MAYA,388,NAVE,2,8264- AGENCIAS UNIVERSALES PERU S.A.
NORDIC MERCHANTS,389,NAVE,1,5062- CALLS SHIPPING S.A.C.
NORUEGO,390,NAVE,1,5010- MARITIMA DEL WORLD S.A.C.
NOVO XEIXAL,391,NAVE,2,3232- TRANS-PERU SHIPPING S.A.C.
NPS MOSA,392,NAVE,1,7770- TRABAJOS MARITIMOS S.A.
NUEVO JOSMARU,393,NAVE,2,3232- TRANS-PERU SHIPPING S.A.C.
NUEVO PLEAMAR,394,NAVE,2,3232- TRANS-PERU SHIPPING S.A.C.
OBSERVATOR,395,NAVE,1,7770- TRABAJOS MARITIMOS S.A.
OCEAN SPLENDOR,396,NAVE,1,7770- TRABAJOS MARITIMOS S.A.
ONE ORINOCO,397,NAVE,3,5059- MERCATOR PERU - OPERADOR LOGISTICO S.A.C.
ONE PARANA,398,NAVE,4,5059- MERCATOR PERU - OPERADOR LOGISTICO S.A.C.
OOCL ATLANTA,399,NAVE,3,5022- COSCO SHIPPING LINES (PERU) S.A.
OOCL HO CHI MINH CITY,400,NAVE,4,5022- COSCO SHIPPING LINES (PERU) S.A.
OOCL ROTTERDAM,401,NAVE,3,5022- COSCO SHIPPING LINES (PERU) S.A.
OOCL SEOUL,402,NAVE,3,5022- COSCO SHIPPING LINES (PERU) S.A.
OPHELIA,403,NAVE,9,0217- COSMOS AGENCIA MARITIMA SAC
ORION OCEAN,404,NAVE,1,7770- TRABAJOS MARITIMOS S.A.
OTAGO BAY,405,NAVE,1,7770- TRABAJOS MARITIMOS S.A.
PAN ASIA,406,NAVE,1,0217- COSMOS AGENCIA MARITIMA SAC
PARIS KNUTSEN,407,NAVE,1,0217- COSMOS AGENCIA MARITIMA SAC
PEDRA DA GRELO,408,NAVE,1,3232- TRANS-PERU SHIPPING S.A.C.
PENELOPE L,409,NAVE,1,7770- TRABAJOS MARITIMOS S.A.
PING AN CHENG,410,NAVE,1,7770- TRABAJOS MARITIMOS S.A.
PMS STEINBOCK,411,NAVE,1,7770- TRABAJOS MARITIMOS S.A.
POLAR ARGENTINA,412,NAVE,7,5030- MAERSK LINE PERU S.A.C.
POLAR CHILE,413,NAVE,5,5030- MAERSK LINE PERU S.A.C.
POLAR COLOMBIA,414,NAVE,12,5030- MAERSK LINE PERU S.A.C.
POLAR PERU,415,NAVE,8,5030- MAERSK LINE PERU S.A.C.
POLONIA,416,NAVE,7,3402- MEDITERRANEAN SHIPPING COMPANY DEL PERU SAC
PRABHU NAND,417,NAVE,1,5041- TRANSTOTAL AGENCIA MARITIMA S.A.
PRIMROSE ACE,418,NAVE,1,5041- TRANSTOTAL AGENCIA MARITIMA S.A.
PROMETHEUS LEADER,419,NAVE,1,3453- TRANSMERIDIAN S.A.C.
PROPEL PROSPERITY,420,NAVE,1,5062- CALLS SHIPPING S.A.C.
PVT AURORA,421,NAVE,1,8264- AGENCIAS UNIVERSALES PERU S.A.
PVT CLARA,422,NAVE,1,8264- AGENCIAS UNIVERSALES PERU S.A.
QUEEN ESTHER,423,NAVE,4,5074- IAN TAYLOR AGENCIAS S.A.C.
RCC AMERICA,424,NAVE,1,8264- AGENCIAS UNIVERSALES PERU S.A.
RESOLUTE BAY,425,NAVE,1,7770- TRABAJOS MARITIMOS S.A.
RIO DE JANEIRO EXPRESS,426,NAVE,3,7770- TRABAJOS MARITIMOS S.A.
ROSALIA,427,NAVE,1,5041- TRANSTOTAL AGENCIA MARITIMA S.A.
RT STAR,428,NAVE,1,5050- EMPRESA MARITIMA B & M S.A.C.
SADLERS WELLS,429,NAVE,1,7770- TRABAJOS MARITIMOS S.A.
SAFMARINE BENGUELA,430,NAVE,5,5030- MAERSK LINE PERU S.A.C.
SAGA JANDAIA,431,NAVE,1,7770- TRABAJOS MARITIMOS S.A.
SALAMINA,432,NAVE,1,7743- REPRESENTAC.NAVIERAS Y ADUANERAS S.A.C
SALLY MAERSK,433,NAVE,3,5030- MAERSK LINE PERU S.A.C.
SAN ANTONIO EXPRESS,434,NAVE,6,7770- TRABAJOS MARITIMOS S.A.
SAN FELIPE,435,NAVE,2,5030- MAERSK LINE PERU S.A.C.
SANDERLING ACE,436,NAVE,1,5041- TRANSTOTAL AGENCIA MARITIMA S.A.
SANTOS EXPRESS,437,NAVE,6,7770- TRABAJOS MARITIMOS S.A.
SARUS CRANE,438,NAVE,3,5041- TRANSTOTAL AGENCIA MARITIMA S.A.
SC MONTREUX,439,NAVE,1,5030- MAERSK LINE PERU S.A.C.
SCARLET ROBIN,440,NAVE,2,5041- TRANSTOTAL AGENCIA MARITIMA S.A.
SEA VIRYA,441,NAVE,1,7770- TRABAJOS MARITIMOS S.A.
SEABOARD EXPLORER,442,NAVE,15,5061- CITIKOLD DEL PERU S.A.C.
SEALAND GUAYAQUIL,443,NAVE,1,5030- MAERSK LINE PERU S.A.C.
SEAMASTER,444,NAVE,4,0217- COSMOS AGENCIA MARITIMA SAC
SEAPEAK MADRID,445,NAVE,1,0217- COSMOS AGENCIA MARITIMA SAC
SEASPAN BEAUTY,446,NAVE,6,5059- MERCATOR PERU - OPERADOR LOGISTICO S.A.C.
SEASPAN BELIEF,447,NAVE,4,5059- MERCATOR PERU - OPERADOR LOGISTICO S.A.C.
SEASPAN BELLWETHER,448,NAVE,4,5059- MERCATOR PERU - OPERADOR LOGISTICO S.A.C.
SEASPAN BEYOND,449,NAVE,3,5059- MERCATOR PERU - OPERADOR LOGISTICO S.A.C.
SEASPAN BRAVO,450,NAVE,6,5059- MERCATOR PERU - OPERADOR LOGISTICO S.A.C.
SEASPAN BREEZE,451,NAVE,4,5059- MERCATOR PERU - OPERADOR LOGISTICO S.A.C.
SEASPAN BRIGHTNESS,452,NAVE,5,5059- MERCATOR PERU - OPERADOR LOGISTICO S.A.C.
SEASPAN BRILLIANCE,453,NAVE,3,5059- MERCATOR PERU - OPERADOR LOGISTICO S.A.C.
SEASPAN HUDSON,454,NAVE,1,5022- COSCO SHIPPING LINES (PERU) S.A.
SEASPAN OCEANIA,455,NAVE,4,5022- COSCO SHIPPING LINES (PERU) S.A.
SEASPAN RAPTOR,456,NAVE,3,5059- MERCATOR PERU - OPERADOR LOGISTICO S.A.C.
SEASPAN SANTOS,457,NAVE,2,5030- MAERSK LINE PERU S.A.C.
SG FRIENDSHIP,458,NAVE,1,8264- AGENCIAS UNIVERSALES PERU S.A.
SHAMROCK JUPITER,459,NAVE,3,5041- TRANSTOTAL AGENCIA MARITIMA S.A.
SHAMROCK MERCURY,460,NAVE,3,5041- TRANSTOTAL AGENCIA MARITIMA S.A.
SHANDONG JUNIPER,461,NAVE,1,0217- COSMOS AGENCIA MARITIMA SAC
SHENG DE HAI,462,NAVE,1,7770- TRABAJOS MARITIMOS S.A.
SHIMANAMI QUEEN,463,NAVE,2,7770- TRABAJOS MARITIMOS S.A.
SIDER EVA MARIA,464,NAVE,1,7770- TRABAJOS MARITIMOS S.A.
SIEMPRE JUAN LUIS,465,NAVE,3,5010- MARITIMA DEL WORLD S.A.C.
SILKROAD 03,466,NAVE,1,7770- TRABAJOS MARITIMOS S.A.
SKAGEN MAERSK,467,NAVE,3,5030- MAERSK LINE PERU S.A.C.
SM ALBATROSS,468,NAVE,2,0217- COSMOS AGENCIA MARITIMA SAC
SM BLUEBIRD,469,NAVE,3,0217- COSMOS AGENCIA MARITIMA SAC
SOPHIA,470,NAVE,1,7770- TRABAJOS MARITIMOS S.A.
SPARROWHAWK,471,NAVE,2,5041- TRANSTOTAL AGENCIA MARITIMA S.A.
STAR BOVARIUS,472,NAVE,1,7770- TRABAJOS MARITIMOS S.A.
STAR MERLIN,473,NAVE,1,5013- MARITIMA MERCANTIL SOCIEDAD ANONIMA CERRADA
STENA IMPRESSION,474,NAVE,1,5013- MARITIMA MERCANTIL SOCIEDAD ANONIMA CERRADA
STRATEGIC SPIRIT,475,NAVE,1,7770- TRABAJOS MARITIMOS S.A.
SUMIYOSHI MARU NO.75,476,NAVE,1,7668- GYOREN DEL PERU S.A.C.
SUNBIRD,477,NAVE,1,7770- TRABAJOS MARITIMOS S.A.
SUSANOO HARMONY,478,NAVE,1,7770- TRABAJOS MARITIMOS S.A.
TAC SUZUKA,479,NAVE,1,5050- EMPRESA MARITIMA B & M S.A.C.
TENO,480,NAVE,2,7770- TRABAJOS MARITIMOS S.A.
TENRO MARU,481,NAVE,1,7770- TRABAJOS MARITIMOS S.A.
TIGER JILIN,482,NAVE,1,7770- TRABAJOS MARITIMOS S.A.
TIZIANA,483,NAVE,1,5062- CALLS SHIPPING S.A.C.
TN DAWN,484,NAVE,1,7770- TRABAJOS MARITIMOS S.A.
TRAMMO INDEPENDENT,485,NAVE,1,5041- TRANSTOTAL AGENCIA MARITIMA S.A.
TRF MOBILE,486,NAVE,1,8264- AGENCIAS UNIVERSALES PERU S.A.
TZINI,487,NAVE,4,0217- COSMOS AGENCIA MARITIMA SAC
VALENCE,488,NAVE,2,7770- TRABAJOS MARITIMOS S.A.
VALIANT,489,NAVE,2,7770- TRABAJOS MARITIMOS S.A.
VALOR,490,NAVE,3,7770- TRABAJOS MARITIMOS S.A.
VALPARAISO EXPRESS,491,NAVE,7,7770- TRABAJOS MARITIMOS S.A.
VANTAGE,492,NAVE,3,7770- TRABAJOS MARITIMOS S.A.
VARAMO,493,NAVE,16,5009- TERMINALES PORTUARIOS PERUANOS SAC
VESLETS,494,NAVE,1,7770- TRABAJOS MARITIMOS S.A.
WAN HAI 511,495,NAVE,2,5041- TRANSTOTAL AGENCIA MARITIMA S.A.
WAN HAI 516,496,NAVE,1,5041- TRANSTOTAL AGENCIA MARITIMA S.A.
WAN HAI 517,497,NAVE,1,5041- TRANSTOTAL AGENCIA MARITIMA S.A.
WAN HAI 521,498,NAVE,1,5041- TRANSTOTAL AGENCIA MARITIMA S.A.
WAN HAI 611,499,NAVE,2,5041- TRANSTOTAL AGENCIA MARITIMA S.A.
WAN HAI 612,500,NAVE,1,5041- TRANSTOTAL AGENCIA MARITIMA S.A.
WAN HAI 621,501,NAVE,4,5041- TRANSTOTAL AGENCIA MARITIMA S.A.
WAN HAI 622,502,NAVE,2,5041- TRANSTOTAL AGENCIA MARITIMA S.A.
WAN HAI 722,503,NAVE,4,5041- TRANSTOTAL AGENCIA MARITIMA S.A.
WAN HAI 723,504,NAVE,3,5041- TRANSTOTAL AGENCIA MARITIMA S.A.
WAN HAI A01,505,NAVE,2,5041- TRANSTOTAL AGENCIA MARITIMA S.A.
WAN HAI A03,506,NAVE,1,5041- TRANSTOTAL AGENCIA MARITIMA S.A.
WARNOW WHALE,507,NAVE,1,5061- CITIKOLD DEL PERU S.A.C.
WHITEWING,508,NAVE,1,5062- CALLS SHIPPING S.A.C.
WORLD HARMONY,509,NAVE,1,7743- REPRESENTAC.NAVIERAS Y ADUANERAS S.A.C
XANTHIA,510,NAVE,4,0217- COSMOS AGENCIA MARITIMA SAC
XENA,511,NAVE,1,5041- TRANSTOTAL AGENCIA MARITIMA S.A.
XIN NAN SHA,512,NAVE,1,5022- COSCO SHIPPING LINES (PERU) S.A.
XIN OU ZHOU,513,NAVE,2,5022- COSCO SHIPPING LINES (PERU) S.A.
XIN QING DAO,514,NAVE,3,5022- COSCO SHIPPING LINES (PERU) S.A.
XIN YA ZHOU,515,NAVE,4,5022- COSCO SHIPPING LINES (PERU) S.A.
YM ENLIGHTENMENT,516,NAVE,1,5009- TERMINALES PORTUARIOS PERUANOS SAC
YM ESSENCE,517,NAVE,1,5009- TERMINALES PORTUARIOS PERUANOS SAC
YM UTILITY,518,NAVE,2,5009- TERMINALES PORTUARIOS PERUANOS SAC
AEAJM,519,PUERTO,3,None
AEAUH,520,PUERTO,5,None
AEDXB,521,PUERTO,4,None
AEJEA,522,PUERTO,138,None
AESHJ,523,PUERTO,4,None
ALDRZ,524,PUERTO,10,None
AOLAD,525,PUERTO,6,None
ARBUE,526,PUERTO,204,None
ARCOR,527,PUERTO,10,None
ARCRD,528,PUERTO,1,None
ARIBY,529,PUERTO,8,None
ARMDZ,530,PUERTO,15,None
ARPRA,531,PUERTO,8,None
ARROS,532,PUERTO,19,None
ARSFN,533,PUERTO,1,None
ARTUC,534,PUERTO,3,None
ARZAE,535,PUERTO,5,None
ATLNZ,536,PUERTO,2,None
ATVIE,537,PUERTO,4,None
AUADL,538,PUERTO,6,None
AUBEL,539,PUERTO,12,None
AUBNE,540,PUERTO,53,None
AUBRA,541,PUERTO,1,None
AUBWT,542,PUERTO,1,None
AUFRE,543,PUERTO,33,None
AUHBA,544,PUERTO,1,None
AUKIT,545,PUERTO,2,None
AUMEL,546,PUERTO,156,None
AUPTL,547,PUERTO,2,None
AUSYD,548,PUERTO,127,None
AWBAR,549,PUERTO,2,None
AWORJ,550,PUERTO,55,None
BBBGI,551,PUERTO,28,None
BDCGP,552,PUERTO,47,None
BEANR,553,PUERTO,229,None
BEBRU,554,PUERTO,1,None
BEHEU,555,PUERTO,1,None
BEOOS,556,PUERTO,1,None
BEZEE,557,PUERTO,4,None
BGBOJ,558,PUERTO,15,None
BGSOF,559,PUERTO,4,None
BGVAR,560,PUERTO,6,None
BHKBS,561,PUERTO,10,None
BJCOO,562,PUERTO,13,None
BNMUA,563,PUERTO,1,None
BOCBB,564,PUERTO,46,None
BOLPB,565,PUERTO,71,None
BOSRZ,566,PUERTO,62,None
BRCWB,567,PUERTO,2,None
BRIOA,568,PUERTO,58,None
BRITJ,569,PUERTO,13,None
BRMAO,570,PUERTO,7,None
BRNVT,571,PUERTO,119,None
BRPEC,572,PUERTO,12,None
BRPNG,573,PUERTO,84,None
BRQHV,574,PUERTO,3,None
BRRIG,575,PUERTO,25,None
BRRIO,576,PUERTO,67,None
BRSSA,577,PUERTO,16,None
BRSSZ,578,PUERTO,133,None
BRSUA,579,PUERTO,43,None
BRVIX,580,PUERTO,49,None
BSFPO,581,PUERTO,7,None
BSNAS,582,PUERTO,38,None
BZBZE,583,PUERTO,25,None
CACAL,584,PUERTO,8,None
CACNC,585,PUERTO,4,None
CACPT,586,PUERTO,2,None
CADEL,587,PUERTO,1,None
CAHAL,588,PUERTO,63,None
CALNG,589,PUERTO,1,None
CAMIS,590,PUERTO,1,None
CAMTR,591,PUERTO,182,None
CASJB,592,PUERTO,8,None
CASLA,593,PUERTO,1,None
CASOR,594,PUERTO,3,None
CATOR,595,PUERTO,181,None
CATRR,596,PUERTO,4,None
CAVAN,597,PUERTO,107,None
CAVLF,598,PUERTO,3,None
CAWNP,599,PUERTO,3,None
CAYHZ,600,PUERTO,1,None
CAYUL,601,PUERTO,8,None
CGPNR,602,PUERTO,15,None
CHBSL,603,PUERTO,11,None
CHGVA,604,PUERTO,7,None
CHZRH,605,PUERTO,5,None
CIABJ,606,PUERTO,116,None
CISPY,607,PUERTO,5,None
CLANF,608,PUERTO,69,None
CLARI,609,PUERTO,168,None
CLBAR,610,PUERTO,1,None
CLCCP,611,PUERTO,2,None
CLCNL,612,PUERTO,124,None
CLIQQ,613,PUERTO,135,None
CLLQN,614,PUERTO,77,None
CLMJS,615,PUERTO,75,None
CLPAG,616,PUERTO,68,None
CLPMC,617,PUERTO,3,None
CLPUQ,618,PUERTO,45,None
CLQTV,619,PUERTO,3,None
CLSAI,620,PUERTO,368,None
CLSVE,621,PUERTO,73,None
CLVAP,622,PUERTO,148,None
CLZCO,623,PUERTO,1,None
CMDLA,624,PUERTO,12,None
CMKBI,625,PUERTO,2,None
CNAQG,626,PUERTO,2,None
CNBAY,627,PUERTO,8,None
CNCAN,628,PUERTO,37,None
CNCKG,629,PUERTO,10,None
CNCSX,630,PUERTO,26,None
CNCTU,631,PUERTO,1,None
CNDGG,632,PUERTO,18,None
CNDLC,633,PUERTO,103,None
CNFAN,634,PUERTO,83,None
CNFOC,635,PUERTO,51,None
CNHDU,636,PUERTO,3,None
CNHMN,637,PUERTO,4,None
CNHSI,638,PUERTO,15,None
CNHUA,639,PUERTO,174,None
CNJIA,640,PUERTO,6,None
CNJIS,641,PUERTO,2,None
CNJIU,642,PUERTO,80,None
CNJMN,643,PUERTO,10,None
CNJNZ,644,PUERTO,38,None
CNLIH,645,PUERTO,14,None
CNLYG,646,PUERTO,173,None
CNMAW,647,PUERTO,13,None
CNNDE,648,PUERTO,55,None
CNNGB,649,PUERTO,234,None
CNNKG,650,PUERTO,26,None
CNNSA,651,PUERTO,34,None
CNQZH,652,PUERTO,54,None
CNRZH,653,PUERTO,1,None
CNSHA,654,PUERTO,357,None
CNSHD,655,PUERTO,32,None
CNSHG,656,PUERTO,6,None
CNSHK,657,PUERTO,134,None
CNSIH,658,PUERTO,7,None
CNSZX,659,PUERTO,9,None
CNTAC,660,PUERTO,4,None
CNTAO,661,PUERTO,244,None
CNTOL,662,PUERTO,25,None
CNTSN,663,PUERTO,5,None
CNTXG,664,PUERTO,78,None
CNWEI,665,PUERTO,76,None
CNWHI,666,PUERTO,2,None
CNWUH,667,PUERTO,4,None
CNXMN,668,PUERTO,104,None
CNYIK,669,PUERTO,1,None
CNYTN,670,PUERTO,125,None
CNYZH,671,PUERTO,1,None
CNZHA,672,PUERTO,1,None
CNZJG,673,PUERTO,83,None
CNZOS,674,PUERTO,34,None
COBAQ,675,PUERTO,101,None
COBOG,676,PUERTO,1,None
COBUN,677,PUERTO,229,None
COCLO,678,PUERTO,3,None
COCTG,679,PUERTO,106,None
COMDE,680,PUERTO,1,None
COSMR,681,PUERTO,10,None
COTRB,682,PUERTO,2,None
CRCAL,683,PUERTO,197,None
CRCAR,684,PUERTO,3,None
CRHER,685,PUERTO,22,None
CRLIO,686,PUERTO,25,None
CRMOB,687,PUERTO,22,None
CRPAS,688,PUERTO,2,None
CRSJO,689,PUERTO,103,None
CUMAR,690,PUERTO,37,None
CUSCU,691,PUERTO,2,None
CVMIN,692,PUERTO,4,None
CVRAI,693,PUERTO,1,None
CYLMS,694,PUERTO,20,None
CZDCB,695,PUERTO,15,None
CZLBR,696,PUERTO,1,None
CZPRG,697,PUERTO,10,None
CZZLN,698,PUERTO,5,None
DEBER,699,PUERTO,1,None
DEBRE,700,PUERTO,21,None
DEBRV,701,PUERTO,71,None
DEDUI,702,PUERTO,2,None
DEDUS,703,PUERTO,1,None
DEEBR,704,PUERTO,1,None
DEFRA,705,PUERTO,1,None
DEGOS,706,PUERTO,19,None
DEGRV,707,PUERTO,2,None
DEHAM,708,PUERTO,175,None
DEHEN,709,PUERTO,1,None
DEISE,710,PUERTO,11,None
DELEJ,711,PUERTO,1,None
DEMEE,712,PUERTO,11,None
DEMUC,713,PUERTO,4,None
DESTR,714,PUERTO,1,None
DETAE,715,PUERTO,1,None
DJJIB,716,PUERTO,1,None
DKAAL,717,PUERTO,3,None
DKAAR,718,PUERTO,74,None
DKCPH,719,PUERTO,40,None
DKEBJ,720,PUERTO,1,None
DKFRC,721,PUERTO,16,None
DKKAL,722,PUERTO,2,None
DKLLS,723,PUERTO,16,None
DMRSU,724,PUERTO,5,None
DOBCC,725,PUERTO,1,None
DOCAU,726,PUERTO,165,None
DOHAI,727,PUERTO,59,None
DOSDQ,728,PUERTO,21,None
DZALG,729,PUERTO,18,None
DZMOS,730,PUERTO,1,None
DZORN,731,PUERTO,2,None
DZSKI,732,PUERTO,2,None
ECGYE,733,PUERTO,287,None
ECMCH,734,PUERTO,5,None
ECMEC,735,PUERTO,9,None
ECPBO,736,PUERTO,3,None
EETLL,737,PUERTO,26,None
EGALY,738,PUERTO,16,None
EGDAM,739,PUERTO,12,None
EGEDK,740,PUERTO,10,None
EGPSD,741,PUERTO,8,None
ERMSW,742,PUERTO,1,None
ESAGP,743,PUERTO,44,None
ESALC,744,PUERTO,4,None
ESALG,745,PUERTO,158,None
ESAVS,746,PUERTO,7,None
ESBCN,747,PUERTO,160,None
ESBIO,748,PUERTO,95,None
ESCAD,749,PUERTO,2,None
ESCAR,750,PUERTO,16,None
ESCAS,751,PUERTO,2,None
ESGIJ,752,PUERTO,20,None
ESHUV,753,PUERTO,1,None
ESLEI,754,PUERTO,1,None
ESLPA,755,PUERTO,16,None
ESMAD,756,PUERTO,26,None
ESMPG,757,PUERTO,36,None
ESSCT,758,PUERTO,3,None
ESSVQ,759,PUERTO,1,None
ESTAR,760,PUERTO,2,None
ESTRJ,761,PUERTO,11,None
ESUTO,762,PUERTO,1,None
ESVGO,763,PUERTO,122,None
ESVLC,764,PUERTO,162,None
FIHEL,765,PUERTO,47,None
FIKTK,766,PUERTO,16,None
FIPOR,767,PUERTO,1,None
FIRAU,768,PUERTO,4,None
FRBAS,769,PUERTO,2,None
FRBES,770,PUERTO,4,None
FRBOL,771,PUERTO,4,None
FRCEQ,772,PUERTO,1,None
FRCOU,773,PUERTO,1,None
FRDKK,774,PUERTO,20,None
FRFOS,775,PUERTO,82,None
FRGEN,776,PUERTO,3,None
FRLEH,777,PUERTO,132,None
FRLIO,778,PUERTO,1,None
FRMEI,779,PUERTO,1,None
FRMRS,780,PUERTO,22,None
FRMTX,781,PUERTO,14,None
FRNTE,782,PUERTO,1,None
FRPAR,783,PUERTO,4,None
FRSBG,784,PUERTO,6,None
FRSEN,785,PUERTO,2,None
FRTHO,786,PUERTO,12,None
FRYGS,787,PUERTO,3,None
GALBV,788,PUERTO,3,None
GBBEL,789,PUERTO,12,None
GBBKG,790,PUERTO,1,None
GBBOS,791,PUERTO,3,None
GBBRF,792,PUERTO,8,None
GBBSE,793,PUERTO,7,None
GBCHD,794,PUERTO,2,None
GBCNF,795,PUERTO,1,None
GBCRK,796,PUERTO,1,None
GBDFD,797,PUERTO,1,None
GBFXT,798,PUERTO,59,None
GBGAT,799,PUERTO,1,None
GBGIR,800,PUERTO,1,None
GBGRG,801,PUERTO,7,None
GBIMM,802,PUERTO,19,None
GBKLN,803,PUERTO,1,None
GBLGP,804,PUERTO,125,None
GBLIV,805,PUERTO,12,None
GBLON,806,PUERTO,37,None
GBMLF,807,PUERTO,16,None
GBMNC,808,PUERTO,2,None
GBNWK,809,PUERTO,1,None
GBPKL,810,PUERTO,26,None
GBRTH,811,PUERTO,1,None
GBSKI,812,PUERTO,1,None
GBSOU,813,PUERTO,80,None
GBSSH,814,PUERTO,2,None
GBTEE,815,PUERTO,6,None
GBTIL,816,PUERTO,7,None
GBWAL,817,PUERTO,21,None
GBWTR,818,PUERTO,1,None
GDSTG,819,PUERTO,8,None
GEPTI,820,PUERTO,22,None
GFDDC,821,PUERTO,3,None
GHACC,822,PUERTO,1,None
GHTEM,823,PUERTO,62,None
GMBJL,824,PUERTO,7,None
GNCKY,825,PUERTO,7,None
GPPTP,826,PUERTO,38,None
GQBSG,827,PUERTO,1,None
GQSSG,828,PUERTO,1,None
GRPIR,829,PUERTO,70,None
GRSKG,830,PUERTO,36,None
GTAMA,831,PUERTO,4,None
GTGUA,832,PUERTO,88,None
GTPBR,833,PUERTO,13,None
GTPRQ,834,PUERTO,285,None
GTSNJ,835,PUERTO,1,None
GTSTC,836,PUERTO,27,None
GTVIN,837,PUERTO,17,None
GYGEO,838,PUERTO,41,None
HKHKG,839,PUERTO,217,None
HNCHO,840,PUERTO,2,None
HNPCR,841,PUERTO,163,None
HNSAP,842,PUERTO,63,None
HNSLO,843,PUERTO,26,None
HNTGU,844,PUERTO,13,None
HRPLE,845,PUERTO,3,None
HRRJK,846,PUERTO,9,None
HTCAP,847,PUERTO,25,None
HTPAP,848,PUERTO,136,None
HUBUD,849,PUERTO,8,None
IDBLW,850,PUERTO,22,None
IDBTM,851,PUERTO,32,None
IDJKT,852,PUERTO,51,None
IDSRG,853,PUERTO,3,None
IDSUB,854,PUERTO,30,None
IEDUB,855,PUERTO,65,None
IEORK,856,PUERTO,2,None
IEWES,857,PUERTO,2,None
ILASH,858,PUERTO,64,None
ILHFA,859,PUERTO,27,None
INAMD,860,PUERTO,6,None
INBOM,861,PUERTO,1,None
INCCU,862,PUERTO,18,None
INCOK,863,PUERTO,5,None
INDAM,864,PUERTO,1,None
INDEL,865,PUERTO,7,None
INENR,866,PUERTO,24,None
INHAL,867,PUERTO,3,None
INIXE,868,PUERTO,1,None
INIXU,869,PUERTO,2,None
INJAI,870,PUERTO,12,None
INKAT,871,PUERTO,1,None
INKNU,872,PUERTO,1,None
INLUH,873,PUERTO,12,None
INMAA,874,PUERTO,31,None
INMOR,875,PUERTO,1,None
INMUN,876,PUERTO,83,None
INNML,877,PUERTO,1,None
INNSA,878,PUERTO,141,None
INTKD,879,PUERTO,2,None
INTRP,880,PUERTO,27,None
INTUT,881,PUERTO,5,None
INVTZ,882,PUERTO,1,None
IQUQR,883,PUERTO,26,None
ISREY,884,PUERTO,11,None
ITAOI,885,PUERTO,20,None
ITBIE,886,PUERTO,10,None
ITBRI,887,PUERTO,16,None
ITCAG,888,PUERTO,2,None
ITCTA,889,PUERTO,3,None
ITCVV,890,PUERTO,28,None
ITGIT,891,PUERTO,28,None
ITGOA,892,PUERTO,89,None
ITLIV,893,PUERTO,98,None
ITMIL,894,PUERTO,20,None
ITMSN,895,PUERTO,4,None
ITMTA,896,PUERTO,12,None
ITNAP,897,PUERTO,78,None
ITPMO,898,PUERTO,3,None
ITPZL,899,PUERTO,2,None
ITRIV,900,PUERTO,4,None
ITROM,901,PUERTO,1,None
ITSAL,902,PUERTO,31,None
ITSPE,903,PUERTO,36,None
ITSTT,904,PUERTO,10,None
ITTPS,905,PUERTO,1,None
ITTRS,906,PUERTO,19,None
ITVCE,907,PUERTO,33,None
ITVDL,908,PUERTO,22,None
ITVIC,909,PUERTO,1,None
ITVRN,910,PUERTO,1,None
JMKIN,911,PUERTO,98,None
JOAQB,912,PUERTO,7,None
JOAQJ,913,PUERTO,19,None
JPHHE,914,PUERTO,12,None
JPHIJ,915,PUERTO,3,None
JPHIS,916,PUERTO,4,None
JPHKT,917,PUERTO,25,None
JPIMB,918,PUERTO,1,None
JPIMI,919,PUERTO,2,None
JPKIJ,920,PUERTO,4,None
JPMIZ,921,PUERTO,7,None
JPMOJ,922,PUERTO,59,None
JPNGO,923,PUERTO,81,None
JPOIT,924,PUERTO,3,None
JPONA,925,PUERTO,3,None
JPOSA,926,PUERTO,60,None
JPSBS,927,PUERTO,21,None
JPSDJ,928,PUERTO,22,None
JPSEN,929,PUERTO,7,None
JPSGM,930,PUERTO,2,None
JPSMZ,931,PUERTO,2,None
JPTMK,932,PUERTO,15,None
JPTOS,933,PUERTO,5,None
JPTRG,934,PUERTO,2,None
JPTYO,935,PUERTO,140,None
JPUKB,936,PUERTO,85,None
JPYOK,937,PUERTO,156,None
KEEMB,938,PUERTO,1,None
KEMBA,939,PUERTO,6,None
KHKOS,940,PUERTO,5,None
KNBAS,941,PUERTO,9,None
KNNEV,942,PUERTO,3,None
KRINC,943,PUERTO,77,None
KRKAN,944,PUERTO,31,None
KRONS,945,PUERTO,11,None
KRPUS,946,PUERTO,301,None
KRSCP,947,PUERTO,1,None
KRUSN,948,PUERTO,8,None
KRYOS,949,PUERTO,1,None
KWKWI,950,PUERTO,1,None
KWSWK,951,PUERTO,28,None
KYGEC,952,PUERTO,2,None
LBBEY,953,PUERTO,31,None
LBKYE,954,PUERTO,4,None
LCCAS,955,PUERTO,39,None
LKCMB,956,PUERTO,1,None
LRMLW,957,PUERTO,20,None
LTKLJ,958,PUERTO,72,None
LTVNO,959,PUERTO,1,None
LVRIX,960,PUERTO,38,None
LYKHO,961,PUERTO,1,None
LYMRA,962,PUERTO,4,None
LYTIP,963,PUERTO,1,None
MAAGA,964,PUERTO,17,None
MACAS,965,PUERTO,43,None
MATNG,966,PUERTO,1,None
MEBAR,967,PUERTO,1,None
MMRGN,968,PUERTO,14,None
MQFDF,969,PUERTO,30,None
MRNKC,970,PUERTO,2,None
MTMAR,971,PUERTO,4,None
MTMLA,972,PUERTO,2,None
MUPLU,973,PUERTO,12,None
MXAGU,974,PUERTO,1,None
MXATM,975,PUERTO,26,None
MXESE,976,PUERTO,69,None
MXGDL,977,PUERTO,17,None
MXGUA,978,PUERTO,2,None
MXGYM,979,PUERTO,21,None
MXLAP,980,PUERTO,1,None
MXLZC,981,PUERTO,115,None
MXMEX,982,PUERTO,66,None
MXMTY,983,PUERTO,23,None
MXMXL,984,PUERTO,6,None
MXMZT,985,PUERTO,37,None
MXPBC,986,PUERTO,1,None
MXPGO,987,PUERTO,20,None
MXSLP,988,PUERTO,2,None
MXSLW,989,PUERTO,7,None
MXTIJ,990,PUERTO,5,None
MXTLC,991,PUERTO,1,None
MXTPR,992,PUERTO,4,None
MXVER,993,PUERTO,120,None
MXZLO,994,PUERTO,285,None
MYJHB,995,PUERTO,1,None
MYPEN,996,PUERTO,6,None
MYPGU,997,PUERTO,49,None
MYPKG,998,PUERTO,116,None
MYSDK,999,PUERTO,1,None
MYTPP,1000,PUERTO,38,None
MYTWU,1001,PUERTO,1,None
MZBEW,1002,PUERTO,2,None
MZMNC,1003,PUERTO,2,None
MZMPM,1004,PUERTO,2,None
NAWVB,1005,PUERTO,5,None
NCNOU,1006,PUERTO,5,None
NGAPP,1007,PUERTO,36,None
NGONN,1008,PUERTO,10,None
NGPHC,1009,PUERTO,1,None
NGTIN,1010,PUERTO,1,None
NICIO,1011,PUERTO,184,None
NIMGA,1012,PUERTO,57,None
NLAMS,1013,PUERTO,48,None
NLBON,1014,PUERTO,2,None
NLHRD,1015,PUERTO,1,None
NLMOE,1016,PUERTO,13,None
NLRTM,1017,PUERTO,262,None
NLTLB,1018,PUERTO,1,None
NLVEL,1019,PUERTO,1,None
NLVLI,1020,PUERTO,1,None
NLWIS,1021,PUERTO,10,None
NOAES,1022,PUERTO,4,None
NOBGO,1023,PUERTO,14,None
NOFRK,1024,PUERTO,5,None
NOHAU,1025,PUERTO,8,None
NOKRS,1026,PUERTO,1,None
NOLAR,1027,PUERTO,4,None
NOOSL,1028,PUERTO,31,None
NOSVG,1029,PUERTO,1,None
NOTAE,1030,PUERTO,23,None
NZAKL,1031,PUERTO,55,None
NZBLU,1032,PUERTO,1,None
NZLYT,1033,PUERTO,10,None
NZMKL,1034,PUERTO,12,None
NZNPE,1035,PUERTO,11,None
NZNPL,1036,PUERTO,6,None
NZNSN,1037,PUERTO,3,None
NZTRG,1038,PUERTO,51,None
NZWLG,1039,PUERTO,1,None
OMMCT,1040,PUERTO,1,None
OMSOH,1041,PUERTO,17,None
PABLB,1042,PUERTO,197,None
PACFZ,1043,PUERTO,9,None
PACTB,1044,PUERTO,38,None
PAONX,1045,PUERTO,53,None
PAPTY,1046,PUERTO,29,None
PAROD,1047,PUERTO,114,None
PEZZD,1048,PUERTO,22,None
PFPPT,1049,PUERTO,5,None
PGLAE,1050,PUERTO,1,None
PGPOM,1051,PUERTO,1,None
PHBTG,1052,PUERTO,6,None
PHCEB,1053,PUERTO,4,None
PHDVO,1054,PUERTO,3,None
PHISL,1055,PUERTO,1,None
PHMNL,1056,PUERTO,31,None
PHMNN,1057,PUERTO,6,None
PKBQM,1058,PUERTO,2,None
PKKHI,1059,PUERTO,30,None
PLGDN,1060,PUERTO,24,None
PLGDY,1061,PUERTO,77,None
PLSZZ,1062,PUERTO,27,None
PRSJU,1063,PUERTO,153,None
PTAGU,1064,PUERTO,4,None
PTBBL,1065,PUERTO,3,None
PTLEI,1066,PUERTO,69,None
PTLIS,1067,PUERTO,35,None
PTMAT,1068,PUERTO,3,None
PTOLI,1069,PUERTO,6,None
PTSET,1070,PUERTO,3,None
PTSIE,1071,PUERTO,48,None
PYASU,1072,PUERTO,69,None
PYBCM,1073,PUERTO,1,None
PYSAN,1074,PUERTO,3,None
PYVLL,1075,PUERTO,15,None
QADOH,1076,PUERTO,4,None
QAHMD,1077,PUERTO,9,None
REPDG,1078,PUERTO,6,None
ROBBU,1079,PUERTO,1,None
ROBUH,1080,PUERTO,5,None
ROCND,1081,PUERTO,44,None
RULED,1082,PUERTO,46,None
RUNVS,1083,PUERTO,22,None
RUVVO,1084,PUERTO,16,None
SADMM,1085,PUERTO,18,None
SAJED,1086,PUERTO,62,None
SAKAC,1087,PUERTO,8,None
SARUH,1088,PUERTO,3,None
SEGOT,1089,PUERTO,62,None
SEGVX,1090,PUERTO,9,None
SEHEL,1091,PUERTO,33,None
SENRK,1092,PUERTO,18,None
SESOE,1093,PUERTO,2,None
SESTO,1094,PUERTO,17,None
SGAYC,1095,PUERTO,1,None
SGSIN,1096,PUERTO,86,None
SIKOP,1097,PUERTO,17,None
SKBAB,1098,PUERTO,1,None
SLFNA,1099,PUERTO,2,None
SNDKR,1100,PUERTO,8,None
SNXLS,1101,PUERTO,1,None
SRPBM,1102,PUERTO,41,None
SVAQJ,1103,PUERTO,234,None
SVLLD,1104,PUERTO,23,None
SVSAL,1105,PUERTO,47,None
SXPHI,1106,PUERTO,11,None
TCPLS,1107,PUERTO,3,None
TGLFW,1108,PUERTO,13,None
THBKK,1109,PUERTO,120,None
THLCH,1110,PUERTO,147,None
THLKR,1111,PUERTO,90,None
THSGZ,1112,PUERTO,7,None
TNRDS,1113,PUERTO,1,None
TNTUN,1114,PUERTO,9,None
TRALI,1115,PUERTO,30,None
TRAMB,1116,PUERTO,11,None
TRANK,1117,PUERTO,1,None
TRGEB,1118,PUERTO,32,None
TRGEM,1119,PUERTO,6,None
TRISK,1120,PUERTO,3,None
TRIST,1121,PUERTO,55,None
TRIZM,1122,PUERTO,7,None
TRIZT,1123,PUERTO,14,None
TRMER,1124,PUERTO,47,None
TRTEK,1125,PUERTO,6,None
TTPOS,1126,PUERTO,36,None
TTPTS,1127,PUERTO,100,None
TWKEL,1128,PUERTO,128,None
TWKHH,1129,PUERTO,185,None
TWTPE,1130,PUERTO,7,None
TWTXG,1131,PUERTO,30,None
TWTYN,1132,PUERTO,1,None
TZDAR,1133,PUERTO,3,None
UAODS,1134,PUERTO,1,None
UGKLA,1135,PUERTO,1,None
USAAI,1136,PUERTO,3,None
USATL,1137,PUERTO,73,None
USAUC,1138,PUERTO,1,None
USAVP,1139,PUERTO,3,None
USAWM,1140,PUERTO,1,None
USBAL,1141,PUERTO,235,None
USBDI,1142,PUERTO,3,None
USBKU,1143,PUERTO,2,None
USBNA,1144,PUERTO,5,None
USBOS,1145,PUERTO,38,None
USBOY,1146,PUERTO,38,None
USBPK,1147,PUERTO,1,None
USBQP,1148,PUERTO,2,None
USBRJ,1149,PUERTO,1,None
USBSN,1150,PUERTO,1,None
USBUF,1151,PUERTO,3,None
USCAE,1152,PUERTO,1,None
USCBW,1153,PUERTO,1,None
USCDV,1154,PUERTO,2,None
USCDX,1155,PUERTO,1,None
USCGH,1156,PUERTO,1,None
USCHA,1157,PUERTO,1,None
USCHI,1158,PUERTO,158,None
USCHS,1159,PUERTO,120,None
USCLE,1160,PUERTO,37,None
USCLT,1161,PUERTO,17,None
USCLU,1162,PUERTO,10,None
USCMH,1163,PUERTO,23,None
USCOG,1164,PUERTO,1,None
USCQU,1165,PUERTO,1,None
USCRC,1166,PUERTO,1,None
USCRQ,1167,PUERTO,4,None
USCRW,1168,PUERTO,1,None
USCRX,1169,PUERTO,25,None
USCST,1170,PUERTO,1,None
USCTC,1171,PUERTO,2,None
USCUS,1172,PUERTO,1,None
USCVD,1173,PUERTO,1,None
USCVG,1174,PUERTO,16,None
USDAL,1175,PUERTO,4,None
USDAY,1176,PUERTO,1,None
USDEN,1177,PUERTO,23,None
USDET,1178,PUERTO,20,None
USDFW,1179,PUERTO,5,None
USEAU,1180,PUERTO,2,None
USEGN,1181,PUERTO,2,None
USELP,1182,PUERTO,2,None
USESL,1183,PUERTO,6,None
USEWR,1184,PUERTO,127,None
USFAH,1185,PUERTO,3,None
USFAR,1186,PUERTO,1,None
USFEM,1187,PUERTO,1,None
USFLI,1188,PUERTO,1,None
USFLL,1189,PUERTO,1,None
USFRR,1190,PUERTO,1,None
USGLS,1191,PUERTO,1,None
USGOI,1192,PUERTO,1,None
USGPT,1193,PUERTO,4,None
USGXX,1194,PUERTO,1,None
USHAM,1195,PUERTO,1,None
USHEE,1196,PUERTO,1,None
USHIQ,1197,PUERTO,1,None
USHLF,1198,PUERTO,4,None
USHNL,1199,PUERTO,12,None
USHOU,1200,PUERTO,319,None
USHQN,1201,PUERTO,1,None
USHSM,1202,PUERTO,4,None
USHSO,1203,PUERTO,22,None
USHUL,1204,PUERTO,1,None
USILG,1205,PUERTO,20,None
USILM,1206,PUERTO,4,None
USIND,1207,PUERTO,8,None
USITO,1208,PUERTO,6,None
USJAN,1209,PUERTO,2,None
USJAX,1210,PUERTO,46,None
USJFK,1211,PUERTO,2,None
USJOT,1212,PUERTO,1,None
USKCK,1213,PUERTO,7,None
USKWH,1214,PUERTO,9,None
USLAO,1215,PUERTO,1,None
USLAX,1216,PUERTO,283,None
USLDN,1217,PUERTO,1,None
USLDR,1218,PUERTO,1,None
USLGB,1219,PUERTO,3,None
USLNS,1220,PUERTO,1,None
USLRD,1221,PUERTO,2,None
USLUE,1222,PUERTO,4,None
USLUI,1223,PUERTO,15,None
USLVG,1224,PUERTO,1,None
USLWV,1225,PUERTO,1,None
USLXG,1226,PUERTO,2,None
USMBY,1227,PUERTO,1,None
USMDY,1228,PUERTO,2,None
USMEG,1229,PUERTO,1,None
USMEM,1230,PUERTO,23,None
USMES,1231,PUERTO,5,None
USMGJ,1232,PUERTO,2,None
USMIA,1233,PUERTO,118,None
USMIN,1234,PUERTO,1,None
USMKC,1235,PUERTO,15,None
USMKE,1236,PUERTO,1,None
USMOB,1237,PUERTO,52,None
USMRP,1238,PUERTO,2,None
USMSH,1239,PUERTO,1,None
USMSP,1240,PUERTO,30,None
USMSQ,1241,PUERTO,2,None
USMSY,1242,PUERTO,185,None
USMVO,1243,PUERTO,1,None
USMXI,1244,PUERTO,2,None
USNEK,1245,PUERTO,4,None
USNHZ,1246,PUERTO,1,None
USNKQ,1247,PUERTO,2,None
USNNY,1248,PUERTO,5,None
USNOR,1249,PUERTO,7,None
USNSH,1250,PUERTO,9,None
USNTD,1251,PUERTO,50,None
USNTS,1252,PUERTO,28,None
USNWG,1253,PUERTO,1,None
USNWJ,1254,PUERTO,1,None
USNWK,1255,PUERTO,48,None
USNWL,1256,PUERTO,1,None
USNXV,1257,PUERTO,1,None
USNYC,1258,PUERTO,282,None
USNYQ,1259,PUERTO,1,None
USOAC,1260,PUERTO,1,None
USOAK,1261,PUERTO,215,None
USOFK,1262,PUERTO,1,None
USOGG,1263,PUERTO,9,None
USOKC,1264,PUERTO,1,None
USOKD,1265,PUERTO,7,None
USOLI,1266,PUERTO,4,None
USOLU,1267,PUERTO,12,None
USOMA,1268,PUERTO,1,None
USOPL,1269,PUERTO,1,None
USORF,1270,PUERTO,187,None
USORH,1271,PUERTO,16,None
USORL,1272,PUERTO,2,None
USORP,1273,PUERTO,1,None
USPAY,1274,PUERTO,1,None
USPBG,1275,PUERTO,3,None
USPCD,1276,PUERTO,1,None
USPDX,1277,PUERTO,3,None
USPEF,1278,PUERTO,254,None
USPFN,1279,PUERTO,1,None
USPHI,1280,PUERTO,4,None
USPHL,1281,PUERTO,274,None
USPHX,1282,PUERTO,17,None
USPIE,1283,PUERTO,1,None
USPIJ,1284,PUERTO,1,None
USPIT,1285,PUERTO,11,None
USPQU,1286,PUERTO,1,None
USPTQ,1287,PUERTO,1,None
USPTW,1288,PUERTO,1,None
USRAH,1289,PUERTO,3,None
USRCH,1290,PUERTO,5,None
USRDU,1291,PUERTO,1,None
USRIC,1292,PUERTO,18,None
USRWI,1293,PUERTO,1,None
USSAN,1294,PUERTO,2,None
USSAV,1295,PUERTO,285,None
USSBC,1296,PUERTO,1,None
USSBT,1297,PUERTO,5,None
USSEA,1298,PUERTO,96,None
USSEH,1299,PUERTO,1,None
USSFB,1300,PUERTO,1,None
USSFO,1301,PUERTO,8,None
USSFZ,1302,PUERTO,5,None
USSGF,1303,PUERTO,1,None
USSKE,1304,PUERTO,1,None
USSLC,1305,PUERTO,19,None
USSLX,1306,PUERTO,5,None
USSMT,1307,PUERTO,5,None
USSOM,1308,PUERTO,1,None
USSPG,1309,PUERTO,1,None
USSRU,1310,PUERTO,1,None
USSSK,1311,PUERTO,1,None
USSTL,1312,PUERTO,26,None
USTEO,1313,PUERTO,1,None
USTNS,1314,PUERTO,2,None
USTPA,1315,PUERTO,1,None
USTUL,1316,PUERTO,1,None
USTUS,1317,PUERTO,2,None
USTXT,1318,PUERTO,3,None
USTYS,1319,PUERTO,1,None
USUAC,1320,PUERTO,1,None
USUAP,1321,PUERTO,1,None
USUES,1322,PUERTO,2,None
USUFG,1323,PUERTO,5,None
USUFS,1324,PUERTO,1,None
USVCO,1325,PUERTO,1,None
USWAM,1326,PUERTO,22,None
USWAS,1327,PUERTO,4,None
USWCL,1328,PUERTO,3,None
USWGP,1329,PUERTO,1,None
USWMD,1330,PUERTO,3,None
USWOM,1331,PUERTO,2,None
USWQG,1332,PUERTO,3,None
USXAZ,1333,PUERTO,2,None
USXEX,1334,PUERTO,1,None
USXMX,1335,PUERTO,11,None
UYMVD,1336,PUERTO,142,None
UZTAS,1337,PUERTO,1,None
VCCRP,1338,PUERTO,15,None
VELAG,1339,PUERTO,149,None
VEMAR,1340,PUERTO,15,None
VEPBL,1341,PUERTO,120,None
VGRAD,1342,PUERTO,3,None
VGTOV,1343,PUERTO,1,None
VGVIJ,1344,PUERTO,1,None
VNDAD,1345,PUERTO,9,None
VNHCH,1346,PUERTO,1,None
VNHPH,1347,PUERTO,140,None
VNSGN,1348,PUERTO,67,None
VNVUT,1349,PUERTO,4,None
ZACPT,1350,PUERTO,36,None
ZADUR,1351,PUERTO,78,None
ZAJNB,1352,PUERTO,3,None
ZAPLZ,1353,PUERTO,4,None
ZAZBA,1354,PUERTO,14,None
ZMKIW,1355,PUERTO,1,None
